city,pct,numteams,champ,tooltip,ff,year
Chicago,0.531,4,0,"['Chicago Bears 0.5', 'Chicago White Sox 0.565', 'Chicago Cubs 0.565', 'Chicago Black Hawks 0.493 Conf./League Finalist']",1,1960
Philadelphia,0.612,3,1,"['Philadelphia Warriors 0.653', 'Philadelphia Eagles 0.8 Champion', 'Philadelphia Phillies 0.383']",1,1960
Pittsburgh,0.53,2,1,"['Pittsburgh Steelers 0.444', 'Pittsburgh Pirates 0.617 Champion']",1,1960
Boston,0.5,4,1,"['Boston Celtics 0.787 Champion', 'Boston Patriots 0.333', 'Boston Red Sox 0.422', 'Boston Bruins 0.457']",1,1960
Washington,0.0,1,0,['Washington Redskins 0.0'],0,1960
Cleveland,0.581,2,0,"['Cleveland Browns 0.667', 'Cleveland Indians 0.494']",0,1960
Chicago,0.545,4,1,"['Chicago Bears 0.583', 'Chicago White Sox 0.531', 'Chicago Cubs 0.531', 'Chicago Black Hawks 0.536 Champion']",1,1961
Philadelphia,0.513,3,0,"['Philadelphia Warriors 0.582', 'Philadelphia Eagles 0.667', 'Philadelphia Phillies 0.29']",0,1961
Pittsburgh,0.44,2,0,"['Pittsburgh Steelers 0.417', 'Pittsburgh Pirates 0.463']",0,1961
Boston,0.474,4,1,"['Boston Celtics 0.722 Champion', 'Boston Patriots 0.4', 'Boston Red Sox 0.469', 'Boston Bruins 0.307']",1,1961
Washington,0.234,2,0,"['Washington Redskins 0.091', 'Washington Senators 0.377']",0,1961
Cleveland,0.604,2,0,"['Cleveland Browns 0.727', 'Cleveland Indians 0.481']",0,1961
Chicago,0.492,5,0,"['Chicago Packers 0.225', 'Chicago Bears 0.667', 'Chicago White Sox 0.515', 'Chicago Cubs 0.515', 'Chicago Black Hawks 0.536 Conf./League Finalist']",1,1962
Philadelphia,0.459,3,0,"['Philadelphia Warriors 0.613', 'Philadelphia Eagles 0.273', 'Philadelphia Phillies 0.491']",0,1962
Pittsburgh,0.615,2,0,"['Pittsburgh Steelers 0.667', 'Pittsburgh Pirates 0.564']",0,1962
Boston,0.571,4,1,"['Boston Celtics 0.75 Champion', 'Boston Patriots 0.8', 'Boston Red Sox 0.461', 'Boston Bruins 0.271']",1,1962
Washington,0.382,2,0,"['Washington Redskins 0.4', 'Washington Senators 0.364']",0,1962
Cleveland,0.515,2,0,"['Cleveland Browns 0.545', 'Cleveland Indians 0.485']",0,1962
Chicago,0.592,5,1,"['Chicago Zephyrs 0.313', 'Chicago Bears 0.909 Champion', 'Chicago White Sox 0.58', 'Chicago Cubs 0.58', 'Chicago Black Hawks 0.579 Conf./League Finalist']",2,1963
Philadelphia,0.369,2,0,"['Philadelphia Eagles 0.2', 'Philadelphia Phillies 0.537']",0,1963
Pittsburgh,0.579,2,0,"['Pittsburgh Steelers 0.7', 'Pittsburgh Pirates 0.457']",0,1963
Boston,0.545,4,1,"['Boston Celtics 0.725 Champion', 'Boston Patriots 0.667 Conf./League Finalist', 'Boston Red Sox 0.469', 'Boston Bruins 0.321']",2,1963
Washington,0.257,2,0,"['Washington Redskins 0.167', 'Washington Senators 0.346']",0,1963
Cleveland,0.619,2,0,"['Cleveland Browns 0.75', 'Cleveland Indians 0.488']",0,1963
Chicago,0.557,4,0,"['Chicago Bears 0.417', 'Chicago White Sox 0.605', 'Chicago Cubs 0.605', 'Chicago Black Hawks 0.6 Conf./League Finalist']",1,1964
Philadelphia,0.498,3,0,"['Philadelphia 76ers 0.425', 'Philadelphia Eagles 0.5', 'Philadelphia Phillies 0.568']",0,1964
Pittsburgh,0.456,2,0,"['Pittsburgh Steelers 0.417', 'Pittsburgh Pirates 0.494']",0,1964
Boston,0.548,4,1,"['Boston Celtics 0.738 Champion', 'Boston Patriots 0.667', 'Boston Red Sox 0.444', 'Boston Bruins 0.343']",1,1964
Washington,0.4,2,0,"['Washington Redskins 0.417', 'Washington Senators 0.383']",0,1964
Cleveland,0.653,2,1,"['Cleveland Browns 0.818 Champion', 'Cleveland Indians 0.488']",1,1964
Chicago,0.575,4,0,"['Chicago Bears 0.583', 'Chicago White Sox 0.586', 'Chicago Cubs 0.586', 'Chicago Black Hawks 0.543 Conf./League Finalist']",1,1965
Philadelphia,0.481,3,0,"['Philadelphia 76ers 0.5', 'Philadelphia Eagles 0.417', 'Philadelphia Phillies 0.525']",0,1965
Pittsburgh,0.362,2,0,"['Pittsburgh Steelers 0.167', 'Pittsburgh Pirates 0.556']",0,1965
Boston,0.459,4,1,"['Boston Celtics 0.775 Champion', 'Boston Patriots 0.333', 'Boston Red Sox 0.383', 'Boston Bruins 0.343']",1,1965
Washington,0.466,2,0,"['Washington Redskins 0.5', 'Washington Senators 0.432']",0,1965
Cleveland,0.727,2,0,"['Cleveland Browns 0.917 Conf./League Finalist', 'Cleveland Indians 0.537']",1,1965
Chicago,0.502,4,0,"['Chicago Bears 0.4', 'Chicago White Sox 0.512', 'Chicago Cubs 0.512', 'Chicago Black Hawks 0.586 Conf./League Finalist']",1,1966
Philadelphia,0.613,3,0,"['Philadelphia 76ers 0.688', 'Philadelphia Eagles 0.615', 'Philadelphia Phillies 0.537']",0,1966
Pittsburgh,0.451,2,0,"['Pittsburgh Steelers 0.333', 'Pittsburgh Pirates 0.568']",0,1966
Atlanta,0.286,1,0,['Atlanta Falcons 0.286'],0,1966
Boston,0.574,4,1,"['Boston Celtics 0.675 Champion', 'Boston Patriots 0.833', 'Boston Red Sox 0.444', 'Boston Bruins 0.343']",1,1966
Washington,0.488,2,0,"['Washington Redskins 0.538', 'Washington Senators 0.438']",0,1966
Cleveland,0.596,2,0,"['Cleveland Browns 0.692', 'Cleveland Indians 0.5']",0,1966
Chicago,0.546,5,0,"['Chicago Bulls 0.407', 'Chicago Bears 0.556', 'Chicago White Sox 0.549', 'Chicago Cubs 0.549', 'Chicago Black Hawks 0.671 Conf./League Finalist']",1,1967
Philadelphia,0.634,3,1,"['Philadelphia 76ers 0.84 Champion', 'Philadelphia Eagles 0.556', 'Philadelphia Phillies 0.506']",1,1967
Pittsburgh,0.305,2,0,"['Pittsburgh Steelers 0.111', 'Pittsburgh Pirates 0.5']",0,1967
Atlanta,0.287,2,0,"['Atlanta Falcons 0.1', 'Atlanta Braves 0.475']",0,1967
Boston,0.5,4,0,"['Boston Celtics 0.741', 'Boston Patriots 0.375', 'Boston Red Sox 0.568 Conf./League Finalist', 'Boston Bruins 0.314']",1,1967
Washington,0.457,2,0,"['Washington Redskins 0.444', 'Washington Senators 0.469']",0,1967
Cleveland,0.582,2,0,"['Cleveland Browns 0.7', 'Cleveland Indians 0.463']",0,1967
Chicago,0.445,5,0,"['Chicago Bulls 0.354', 'Chicago Bears 0.5', 'Chicago White Sox 0.414', 'Chicago Cubs 0.414', 'Chicago Black Hawks 0.541 Conf./League Finalist']",1,1968
Philadelphia,0.455,4,0,"['Philadelphia 76ers 0.756', 'Philadelphia Eagles 0.1', 'Philadelphia Phillies 0.469', 'Philadelphia Flyers 0.493']",0,1968
Pittsburgh,0.353,3,0,"['Pittsburgh Steelers 0.111', 'Pittsburgh Pirates 0.494', 'Pittsburgh Penguins 0.453']",0,1968
Atlanta,0.3,2,0,"['Atlanta Falcons 0.1', 'Atlanta Braves 0.5']",0,1968
Boston,0.502,4,1,"['Boston Celtics 0.659 Champion', 'Boston Patriots 0.25', 'Boston Red Sox 0.531', 'Boston Bruins 0.568']",1,1968
Washington,0.351,2,0,"['Washington Redskins 0.3', 'Washington Senators 0.401']",0,1968
Cleveland,0.615,2,0,"['Cleveland Browns 0.7 Conf./League Finalist', 'Cleveland Indians 0.531']",1,1968
Chicago,0.35,5,0,"['Chicago Bulls 0.402', 'Chicago Bears 0.0', 'Chicago White Sox 0.42', 'Chicago Cubs 0.42', 'Chicago Black Hawks 0.507']",0,1969
Philadelphia,0.476,4,0,"['Philadelphia 76ers 0.671', 'Philadelphia Eagles 0.444', 'Philadelphia Phillies 0.389', 'Philadelphia Flyers 0.401']",0,1969
Pittsburgh,0.293,3,0,"['Pittsburgh Steelers 0.0', 'Pittsburgh Pirates 0.543', 'Pittsburgh Penguins 0.336']",0,1969
Atlanta,0.52,3,0,"['Atlanta Hawks 0.585', 'Atlanta Falcons 0.4', 'Atlanta Braves 0.574 Conf./League Finalist']",1,1969
Boston,0.539,4,1,"['Boston Celtics 0.585 Champion', 'Boston Patriots 0.375', 'Boston Red Sox 0.537', 'Boston Bruins 0.658 Conf./League Finalist']",2,1969
Washington,0.599,2,0,"['Washington Redskins 0.667', 'Washington Senators 0.531']",0,1969
Cleveland,0.636,2,0,"['Cleveland Browns 0.889 Conf./League Finalist', 'Cleveland Indians 0.383']",1,1969
Chicago,0.455,5,0,"['Chicago Bulls 0.476', 'Chicago Bears 0.455', 'Chicago White Sox 0.346', 'Chicago Cubs 0.346', 'Chicago Black Hawks 0.651 Conf./League Finalist']",1,1970
Philadelphia,0.361,4,0,"['Philadelphia 76ers 0.512', 'Philadelphia Eagles 0.1', 'Philadelphia Phillies 0.451', 'Philadelphia Flyers 0.382']",0,1970
Pittsburgh,0.475,3,0,"['Pittsburgh Steelers 0.455', 'Pittsburgh Pirates 0.549 Conf./League Finalist', 'Pittsburgh Penguins 0.421 Conf./League Finalist']",2,1970
Atlanta,0.462,3,0,"['Atlanta Hawks 0.585', 'Atlanta Falcons 0.333', 'Atlanta Braves 0.469']",0,1970
Boston,0.446,4,1,"['Boston Celtics 0.415', 'Boston Patriots 0.182', 'Boston Red Sox 0.537', 'Boston Bruins 0.651 Champion']",1,1970
Washington,0.398,2,0,"['Washington Redskins 0.364', 'Washington Senators 0.432']",0,1970
Cleveland,0.552,2,0,"['Cleveland Browns 0.636', 'Cleveland Indians 0.469']",0,1970
Chicago,0.548,5,0,"['Chicago Bulls 0.622', 'Chicago Bears 0.455', 'Chicago White Sox 0.488', 'Chicago Cubs 0.488', 'Chicago Black Hawks 0.686 Conf./League Finalist']",1,1971
Philadelphia,0.489,4,0,"['Philadelphia 76ers 0.573', 'Philadelphia Eagles 0.5', 'Philadelphia Phillies 0.414', 'Philadelphia Flyers 0.468']",0,1971
Pittsburgh,0.484,3,1,"['Pittsburgh Steelers 0.455', 'Pittsburgh Pirates 0.599 Champion', 'Pittsburgh Penguins 0.397']",1,1971
Atlanta,0.448,3,0,"['Atlanta Hawks 0.439', 'Atlanta Falcons 0.4', 'Atlanta Braves 0.506']",0,1971
Boston,0.596,4,0,"['Boston Celtics 0.537', 'New England Patriots 0.545', 'Boston Red Sox 0.525', 'Boston Bruins 0.776']",0,1971
Washington,0.595,2,0,"['Washington Redskins 0.8', 'Washington Senators 0.389']",0,1971
Cleveland,0.396,3,0,"['Cleveland Cavaliers 0.183', 'Cleveland Browns 0.636', 'Cleveland Indians 0.37']",0,1971
Chicago,0.563,5,0,"['Chicago Bulls 0.695', 'Chicago Bears 0.318', 'Chicago White Sox 0.558', 'Chicago Cubs 0.558', 'Chicago Black Hawks 0.686 Conf./League Finalist']",1,1972
Philadelphia,0.303,4,0,"['Philadelphia 76ers 0.366', 'Philadelphia Eagles 0.045', 'Philadelphia Phillies 0.378', 'Philadelphia Flyers 0.423']",0,1972
Pittsburgh,0.619,3,0,"['Pittsburgh Steelers 0.818 Conf./League Finalist', 'Pittsburgh Pirates 0.615 Conf./League Finalist', 'Pittsburgh Penguins 0.423']",2,1972
Atlanta,0.463,3,0,"['Atlanta Hawks 0.439', 'Atlanta Falcons 0.5', 'Atlanta Braves 0.449']",0,1972
Boston,0.498,4,1,"['Boston Celtics 0.683 Conf./League Finalist', 'New England Patriots 0.0', 'Boston Red Sox 0.545', 'Boston Bruins 0.763 Champion']",2,1972
Washington,0.909,1,0,['Washington Redskins 0.909 Conf./League Finalist'],1,1972
Cleveland,0.52,3,0,"['Cleveland Cavaliers 0.28', 'Cleveland Browns 0.818', 'Cleveland Indians 0.462']",0,1972
Chicago,0.454,5,0,"['Chicago Bulls 0.622', 'Chicago Bears 0.1', 'Chicago White Sox 0.475', 'Chicago Cubs 0.475', 'Chicago Black Hawks 0.596 Conf./League Finalist']",1,1973
Philadelphia,0.353,4,0,"['Philadelphia 76ers 0.11', 'Philadelphia Eagles 0.318', 'Philadelphia Phillies 0.438', 'Philadelphia Flyers 0.545 Conf./League Finalist']",1,1973
Pittsburgh,0.533,3,0,"['Pittsburgh Steelers 0.636', 'Pittsburgh Pirates 0.494', 'Pittsburgh Penguins 0.468']",0,1973
Atlanta,0.521,4,0,"['Atlanta Hawks 0.561', 'Atlanta Falcons 0.636', 'Atlanta Braves 0.469', 'Atlanta Flames 0.417']",0,1973
Boston,0.584,4,0,"['Boston Celtics 0.829 Conf./League Finalist', 'New England Patriots 0.273', 'Boston Red Sox 0.549', 'Boston Bruins 0.686']",1,1973
Washington,0.727,1,0,['Washington Redskins 0.727'],0,1973
Cleveland,0.488,3,0,"['Cleveland Cavaliers 0.39', 'Cleveland Browns 0.636', 'Cleveland Indians 0.438']",0,1973
Chicago,0.537,5,0,"['Chicago Bulls 0.659 Conf./League Finalist', 'Chicago Bears 0.364', 'Chicago White Sox 0.494', 'Chicago Cubs 0.494', 'Chicago Black Hawks 0.673 Conf./League Finalist']",2,1974
Philadelphia,0.493,4,1,"['Philadelphia 76ers 0.305', 'Philadelphia Eagles 0.455', 'Philadelphia Phillies 0.494', 'Philadelphia Flyers 0.718 Champion']",1,1974
Pittsburgh,0.547,3,1,"['Pittsburgh Steelers 0.682 Champion', 'Pittsburgh Pirates 0.543 Conf./League Finalist', 'Pittsburgh Penguins 0.417']",2,1974
Atlanta,0.429,4,0,"['Atlanta Hawks 0.427', 'Atlanta Falcons 0.273', 'Atlanta Braves 0.543', 'Atlanta Flames 0.474']",0,1974
Boston,0.573,4,1,"['Boston Celtics 0.683 Champion', 'New England Patriots 0.364', 'Boston Red Sox 0.519', 'Boston Bruins 0.724 Conf./League Finalist']",2,1974
Washington,0.65,2,0,"['Capital Bullets 0.573', 'Washington Redskins 0.727']",0,1974
Cleveland,0.367,3,0,"['Cleveland Cavaliers 0.354', 'Cleveland Browns 0.273', 'Cleveland Indians 0.475']",0,1974
Chicago,0.475,5,0,"['Chicago Bulls 0.573 Conf./League Finalist', 'Chicago Bears 0.364', 'Chicago White Sox 0.463', 'Chicago Cubs 0.463', 'Chicago Black Hawks 0.513']",1,1975
Philadelphia,0.504,4,1,"['Philadelphia 76ers 0.415', 'Philadelphia Eagles 0.364', 'Philadelphia Phillies 0.531', 'Philadelphia Flyers 0.706 Champion']",1,1975
Pittsburgh,0.678,3,1,"['Pittsburgh Steelers 0.909 Champion', 'Pittsburgh Pirates 0.568 Conf./League Finalist', 'Pittsburgh Penguins 0.556']",2,1975
Atlanta,0.396,4,0,"['Atlanta Hawks 0.378', 'Atlanta Falcons 0.273', 'Atlanta Braves 0.414', 'Atlanta Flames 0.519']",0,1975
Boston,0.522,4,0,"['Boston Celtics 0.732 Conf./League Finalist', 'New England Patriots 0.182', 'Boston Red Sox 0.586 Conf./League Finalist', 'Boston Bruins 0.588']",2,1975
Washington,0.5,3,0,"['Washington Bullets 0.732 Conf./League Finalist', 'Washington Redskins 0.636', 'Washington Capitals 0.131']",1,1975
Cleveland,0.392,3,0,"['Cleveland Cavaliers 0.488', 'Cleveland Browns 0.2', 'Cleveland Indians 0.488']",0,1975
Chicago,0.436,5,0,"['Chicago Bulls 0.293', 'Chicago Bears 0.583', 'Chicago White Sox 0.395', 'Chicago Cubs 0.395', 'Chicago Black Hawks 0.513']",0,1976
Philadelphia,0.564,4,0,"['Philadelphia 76ers 0.561', 'Philadelphia Eagles 0.333', 'Philadelphia Phillies 0.623 Conf./League Finalist', 'Philadelphia Flyers 0.738 Conf./League Finalist']",2,1976
Pittsburgh,0.61,3,0,"['Pittsburgh Steelers 0.75 Conf./League Finalist', 'Pittsburgh Pirates 0.568', 'Pittsburgh Penguins 0.513']",1,1976
Atlanta,0.408,4,0,"['Atlanta Hawks 0.354', 'Atlanta Falcons 0.333', 'Atlanta Braves 0.432', 'Atlanta Flames 0.513']",0,1976
Boston,0.677,4,1,"['Boston Celtics 0.659 Champion', 'New England Patriots 0.833', 'Boston Red Sox 0.512', 'Boston Bruins 0.706 Conf./League Finalist']",2,1976
Washington,0.512,3,0,"['Washington Bullets 0.585', 'Washington Redskins 0.75', 'Washington Capitals 0.2']",0,1976
Cleveland,0.56,3,0,"['Cleveland Cavaliers 0.598 Conf./League Finalist', 'Cleveland Browns 0.583', 'Cleveland Indians 0.5']",1,1976
Chicago,0.542,5,0,"['Chicago Bulls 0.537', 'Chicago Bears 0.667', 'Chicago White Sox 0.556', 'Chicago Cubs 0.556', 'Chicago Black Hawks 0.394']",0,1977
Philadelphia,0.567,4,0,"['Philadelphia 76ers 0.61 Conf./League Finalist', 'Philadelphia Eagles 0.333', 'Philadelphia Phillies 0.623 Conf./League Finalist', 'Philadelphia Flyers 0.7 Conf./League Finalist']",3,1977
Pittsburgh,0.561,3,0,"['Pittsburgh Steelers 0.583', 'Pittsburgh Pirates 0.593', 'Pittsburgh Penguins 0.506']",0,1977
Atlanta,0.46,4,0,"['Atlanta Hawks 0.378', 'Atlanta Falcons 0.583', 'Atlanta Braves 0.377', 'Atlanta Flames 0.5']",0,1977
Boston,0.596,4,0,"['Boston Celtics 0.537', 'New England Patriots 0.583', 'Boston Red Sox 0.599', 'Boston Bruins 0.663 Conf./League Finalist']",1,1977
Washington,0.547,3,0,"['Washington Bullets 0.585', 'Washington Redskins 0.667', 'Washington Capitals 0.388']",0,1977
Cleveland,0.443,4,0,"['Cleveland Cavaliers 0.524', 'Cleveland Browns 0.417', 'Cleveland Indians 0.438', 'Cleveland Barons 0.394']",0,1977
Chicago,0.492,5,0,"['Chicago Bulls 0.488', 'Chicago Bears 0.583', 'Chicago White Sox 0.436', 'Chicago Cubs 0.436', 'Chicago Black Hawks 0.519']",0,1978
Philadelphia,0.595,4,0,"['Philadelphia 76ers 0.671 Conf./League Finalist', 'Philadelphia Eagles 0.5', 'Philadelphia Phillies 0.552 Conf./League Finalist', 'Philadelphia Flyers 0.656 Conf./League Finalist']",3,1978
Pittsburgh,0.627,3,1,"['Pittsburgh Steelers 0.917 Champion', 'Pittsburgh Pirates 0.54', 'Pittsburgh Penguins 0.425']",1,1978
Atlanta,0.534,4,0,"['Atlanta Hawks 0.5', 'Atlanta Falcons 0.667', 'Atlanta Braves 0.423', 'Atlanta Flames 0.544']",0,1978
Boston,0.613,4,0,"['Boston Celtics 0.39', 'New England Patriots 0.75', 'Boston Red Sox 0.607', 'Boston Bruins 0.706 Conf./League Finalist']",1,1978
Washington,0.446,3,1,"['Washington Bullets 0.537 Champion', 'Washington Redskins 0.5', 'Washington Capitals 0.3']",1,1978
Cleveland,0.409,4,0,"['Cleveland Cavaliers 0.524', 'Cleveland Browns 0.333', 'Cleveland Indians 0.423', 'Cleveland Barons 0.356']",0,1978
Chicago,0.481,5,0,"['Chicago Bulls 0.378', 'Chicago Bears 0.667', 'Chicago White Sox 0.451', 'Chicago Cubs 0.451', 'Chicago Black Hawks 0.456']",0,1979
Philadelphia,0.609,4,0,"['Philadelphia 76ers 0.573', 'Philadelphia Eagles 0.75', 'Philadelphia Phillies 0.519', 'Philadelphia Flyers 0.594']",0,1979
Pittsburgh,0.629,3,2,"['Pittsburgh Steelers 0.75 Champion', 'Pittsburgh Pirates 0.605 Champion', 'Pittsburgh Penguins 0.531']",2,1979
Atlanta,0.487,4,0,"['Atlanta Hawks 0.561', 'Atlanta Falcons 0.417', 'Atlanta Braves 0.407', 'Atlanta Flames 0.563']",0,1979
Boston,0.51,4,0,"['Boston Celtics 0.354', 'New England Patriots 0.5', 'Boston Red Sox 0.562', 'Boston Bruins 0.625 Conf./League Finalist']",1,1979
Washington,0.573,3,0,"['Washington Bullets 0.659 Conf./League Finalist', 'Washington Redskins 0.667', 'Washington Capitals 0.394']",1,1979
Cleveland,0.455,3,0,"['Cleveland Cavaliers 0.366', 'Cleveland Browns 0.5', 'Cleveland Indians 0.5']",0,1979
Chicago,0.47,5,0,"['Chicago Bulls 0.366', 'Chicago Bears 0.583', 'Chicago White Sox 0.429', 'Chicago Cubs 0.429', 'Chicago Black Hawks 0.544']",0,1980
Philadelphia,0.688,4,1,"['Philadelphia 76ers 0.72 Conf./League Finalist', 'Philadelphia Eagles 0.75 Conf./League Finalist', 'Philadelphia Phillies 0.558 Champion', 'Philadelphia Flyers 0.725 Conf./League Finalist']",4,1980
Pittsburgh,0.461,3,0,"['Pittsburgh Steelers 0.417', 'Pittsburgh Pirates 0.509', 'Pittsburgh Penguins 0.456']",0,1980
Atlanta,0.615,4,0,"['Atlanta Hawks 0.61', 'Atlanta Falcons 0.833', 'Atlanta Braves 0.497', 'Atlanta Flames 0.519']",0,1980
Boston,0.665,4,0,"['Boston Celtics 0.744 Conf./League Finalist', 'New England Patriots 0.75', 'Boston Red Sox 0.509', 'Boston Bruins 0.656']",1,1980
Washington,0.437,3,0,"['Washington Bullets 0.476', 'Washington Redskins 0.417', 'Washington Capitals 0.419']",0,1980
Cleveland,0.534,3,0,"['Cleveland Cavaliers 0.451', 'Cleveland Browns 0.667', 'Cleveland Indians 0.485']",0,1980
Chicago,0.435,5,0,"['Chicago Bulls 0.549', 'Chicago Bears 0.167', 'Chicago White Sox 0.486', 'Chicago Cubs 0.486', 'Chicago Black Hawks 0.488']",0,1981
Philadelphia,0.619,4,0,"['Philadelphia 76ers 0.756 Conf./League Finalist', 'Philadelphia Eagles 0.583', 'Philadelphia Phillies 0.532', 'Philadelphia Flyers 0.606']",1,1981
Pittsburgh,0.429,3,0,"['Pittsburgh Steelers 0.417', 'Pittsburgh Pirates 0.414', 'Pittsburgh Penguins 0.456']",0,1981
Atlanta,0.443,3,0,"['Atlanta Hawks 0.378', 'Atlanta Falcons 0.5', 'Atlanta Braves 0.45']",0,1981
Boston,0.5,4,1,"['Boston Celtics 0.756 Champion', 'New England Patriots 0.167', 'Boston Red Sox 0.532', 'Boston Bruins 0.544']",1,1981
Washington,0.471,3,0,"['Washington Bullets 0.476', 'Washington Redskins 0.5', 'Washington Capitals 0.438']",0,1981
Cleveland,0.325,3,0,"['Cleveland Cavaliers 0.341', 'Cleveland Browns 0.167', 'Cleveland Indians 0.468']",0,1981
Chicago,0.445,5,0,"['Chicago Bulls 0.415', 'Chicago Bears 0.286', 'Chicago White Sox 0.537', 'Chicago Cubs 0.537', 'Chicago Black Hawks 0.45 Conf./League Finalist']",1,1982
Philadelphia,0.492,4,0,"['Philadelphia 76ers 0.707 Conf./League Finalist', 'Philadelphia Eagles 0.167', 'Philadelphia Phillies 0.549', 'Philadelphia Flyers 0.544']",1,1982
Pittsburgh,0.538,3,0,"['Pittsburgh Steelers 0.625', 'Pittsburgh Pirates 0.519', 'Pittsburgh Penguins 0.469']",0,1982
Atlanta,0.544,3,0,"['Atlanta Hawks 0.512', 'Atlanta Falcons 0.571', 'Atlanta Braves 0.549 Conf./League Finalist']",1,1982
Boston,0.636,4,0,"['Boston Celtics 0.768 Conf./League Finalist', 'New England Patriots 0.625', 'Boston Red Sox 0.549', 'Boston Bruins 0.6']",1,1982
Washington,0.606,3,1,"['Washington Bullets 0.524', 'Washington Redskins 0.889 Champion', 'Washington Capitals 0.406']",1,1982
Cleveland,0.412,3,0,"['Cleveland Cavaliers 0.183', 'Cleveland Browns 0.571', 'Cleveland Indians 0.481']",0,1982
Chicago,0.543,5,0,"['Chicago Bulls 0.341', 'Chicago Bears 0.5', 'Chicago White Sox 0.611 Conf./League Finalist', 'Chicago Cubs 0.611', 'Chicago Black Hawks 0.65 Conf./League Finalist']",2,1983
Philadelphia,0.575,4,1,"['Philadelphia 76ers 0.793 Champion', 'Philadelphia Eagles 0.286', 'Philadelphia Phillies 0.556 Conf./League Finalist', 'Philadelphia Flyers 0.663']",2,1983
Pittsburgh,0.489,3,0,"['Pittsburgh Steelers 0.667', 'Pittsburgh Pirates 0.519', 'Pittsburgh Penguins 0.281']",0,1983
Atlanta,0.467,3,0,"['Atlanta Hawks 0.524', 'Atlanta Falcons 0.333', 'Atlanta Braves 0.543']",0,1983
Boston,0.588,4,0,"['Boston Celtics 0.683', 'New England Patriots 0.5', 'Boston Red Sox 0.481', 'Boston Bruins 0.688 Conf./League Finalist']",1,1983
Washington,0.644,3,0,"['Washington Bullets 0.512', 'Washington Redskins 0.833 Conf./League Finalist', 'Washington Capitals 0.588']",1,1983
Cleveland,0.432,3,0,"['Cleveland Cavaliers 0.28', 'Cleveland Browns 0.583', 'Cleveland Indians 0.432']",0,1983
Chicago,0.467,5,0,"['Chicago Bulls 0.329', 'Chicago Bears 0.667 Conf./League Finalist', 'Chicago White Sox 0.457', 'Chicago Cubs 0.457 Conf./League Finalist', 'Chicago Black Hawks 0.425']",2,1984
Philadelphia,0.51,4,0,"['Philadelphia 76ers 0.634', 'Philadelphia Eagles 0.292', 'Philadelphia Phillies 0.5', 'Philadelphia Flyers 0.613']",0,1984
Pittsburgh,0.4,3,0,"['Pittsburgh Steelers 0.5 Conf./League Finalist', 'Pittsburgh Pirates 0.463', 'Pittsburgh Penguins 0.238']",1,1984
Atlanta,0.411,3,0,"['Atlanta Hawks 0.488', 'Atlanta Falcons 0.25', 'Atlanta Braves 0.494']",0,1984
Boston,0.672,4,1,"['Boston Celtics 0.756 Champion', 'New England Patriots 0.75', 'Boston Red Sox 0.531', 'Boston Bruins 0.65']",1,1984
Washington,0.575,3,0,"['Washington Bullets 0.427', 'Washington Redskins 0.667', 'Washington Capitals 0.631']",0,1984
Cleveland,0.379,3,0,"['Cleveland Cavaliers 0.341', 'Cleveland Browns 0.333', 'Cleveland Indians 0.463']",0,1984
Chicago,0.606,5,1,"['Chicago Bulls 0.463', 'Chicago Bears 1.0 Champion', 'Chicago White Sox 0.525', 'Chicago Cubs 0.525', 'Chicago Black Hawks 0.519 Conf./League Finalist']",2,1985
Philadelphia,0.576,4,0,"['Philadelphia 76ers 0.707 Conf./League Finalist', 'Philadelphia Eagles 0.429', 'Philadelphia Phillies 0.463', 'Philadelphia Flyers 0.706 Conf./League Finalist']",2,1985
Pittsburgh,0.394,3,0,"['Pittsburgh Steelers 0.5', 'Pittsburgh Pirates 0.352', 'Pittsburgh Penguins 0.331']",0,1985
Atlanta,0.385,3,0,"['Atlanta Hawks 0.415', 'Atlanta Falcons 0.333', 'Atlanta Braves 0.407']",0,1985
Boston,0.612,4,0,"['Boston Celtics 0.768 Conf./League Finalist', 'New England Patriots 0.667 Conf./League Finalist', 'Boston Red Sox 0.5', 'Boston Bruins 0.513']",2,1985
Washington,0.54,3,0,"['Washington Bullets 0.488', 'Washington Redskins 0.5', 'Washington Capitals 0.631']",0,1985
Cleveland,0.464,3,0,"['Cleveland Cavaliers 0.439', 'Cleveland Browns 0.583', 'Cleveland Indians 0.37']",0,1985
Chicago,0.525,5,0,"['Chicago Bulls 0.366', 'Chicago Bears 0.833', 'Chicago White Sox 0.444', 'Chicago Cubs 0.444', 'Chicago Black Hawks 0.538']",0,1986
Philadelphia,0.542,4,0,"['Philadelphia 76ers 0.659', 'Philadelphia Eagles 0.292', 'Philadelphia Phillies 0.531', 'Philadelphia Flyers 0.688']",0,1986
Pittsburgh,0.401,3,0,"['Pittsburgh Steelers 0.333', 'Pittsburgh Pirates 0.395', 'Pittsburgh Penguins 0.475']",0,1986
Atlanta,0.532,3,0,"['Atlanta Hawks 0.61', 'Atlanta Falcons 0.542', 'Atlanta Braves 0.444']",0,1986
Boston,0.652,4,1,"['Boston Celtics 0.817 Champion', 'New England Patriots 0.667', 'Boston Red Sox 0.586 Conf./League Finalist', 'Boston Bruins 0.538']",2,1986
Washington,0.632,3,0,"['Washington Bullets 0.476', 'Washington Redskins 0.75 Conf./League Finalist', 'Washington Capitals 0.669']",1,1986
Cleveland,0.569,3,0,"['Cleveland Cavaliers 0.354', 'Cleveland Browns 0.833 Conf./League Finalist', 'Cleveland Indians 0.519']",1,1986
Chicago,0.541,5,0,"['Chicago Bulls 0.488', 'Chicago Bears 0.818', 'Chicago White Sox 0.475', 'Chicago Cubs 0.475', 'Chicago Blackhawks 0.45']",0,1987
Philadelphia,0.508,4,0,"['Philadelphia 76ers 0.549', 'Philadelphia Eagles 0.364', 'Philadelphia Phillies 0.494', 'Philadelphia Flyers 0.625 Conf./League Finalist']",1,1987
Pittsburgh,0.496,3,0,"['Pittsburgh Steelers 0.545', 'Pittsburgh Pirates 0.494', 'Pittsburgh Penguins 0.45']",0,1987
Atlanta,0.465,3,0,"['Atlanta Hawks 0.695', 'Atlanta Falcons 0.273', 'Atlanta Braves 0.426']",0,1987
Boston,0.6,4,0,"['Boston Celtics 0.72 Conf./League Finalist', 'New England Patriots 0.667', 'Boston Red Sox 0.481', 'Boston Bruins 0.531']",1,1987
Washington,0.6,3,1,"['Washington Bullets 0.512', 'Washington Redskins 0.75 Champion', 'Washington Capitals 0.538']",1,1987
Cleveland,0.494,3,0,"['Cleveland Cavaliers 0.378', 'Cleveland Browns 0.727 Conf./League Finalist', 'Cleveland Indians 0.377']",1,1987
Chicago,0.533,5,0,"['Chicago Bulls 0.61', 'Chicago Bears 0.75 Conf./League Finalist', 'Chicago White Sox 0.438', 'Chicago Cubs 0.438', 'Chicago Blackhawks 0.431']",1,1988
Philadelphia,0.51,4,0,"['Philadelphia 76ers 0.439', 'Philadelphia Eagles 0.667', 'Philadelphia Phillies 0.401', 'Philadelphia Flyers 0.531']",0,1988
Pittsburgh,0.455,3,0,"['Pittsburgh Steelers 0.333', 'Pittsburgh Pirates 0.525', 'Pittsburgh Penguins 0.506']",0,1988
Atlanta,0.425,3,0,"['Atlanta Hawks 0.61', 'Atlanta Falcons 0.333', 'Atlanta Braves 0.333']",0,1988
Boston,0.604,4,0,"['Boston Celtics 0.695 Conf./League Finalist', 'New England Patriots 0.583', 'Boston Red Sox 0.549 Conf./League Finalist', 'Boston Bruins 0.588 Conf./League Finalist']",3,1988
Washington,0.498,3,0,"['Washington Bullets 0.463', 'Washington Redskins 0.5', 'Washington Capitals 0.531']",0,1988
Cleveland,0.498,3,0,"['Cleveland Cavaliers 0.512', 'Cleveland Browns 0.5', 'Cleveland Indians 0.481']",0,1988
Chicago,0.434,5,0,"['Chicago Bulls 0.573 Conf./League Finalist', 'Chicago Bears 0.333', 'Chicago White Sox 0.426', 'Chicago Cubs 0.426 Conf./League Finalist', 'Chicago Blackhawks 0.413 Conf./League Finalist']",3,1989
Philadelphia,0.536,4,0,"['Philadelphia 76ers 0.561', 'Philadelphia Eagles 0.667', 'Philadelphia Phillies 0.414', 'Philadelphia Flyers 0.5 Conf./League Finalist']",1,1989
Pittsburgh,0.5,3,0,"['Pittsburgh Steelers 0.5', 'Pittsburgh Pirates 0.457', 'Pittsburgh Penguins 0.544']",0,1989
Atlanta,0.369,3,0,"['Atlanta Hawks 0.634', 'Atlanta Falcons 0.083', 'Atlanta Braves 0.389']",0,1989
Boston,0.498,4,0,"['Boston Celtics 0.512', 'New England Patriots 0.417', 'Boston Red Sox 0.512', 'Boston Bruins 0.55']",0,1989
Washington,0.577,3,0,"['Washington Bullets 0.488', 'Washington Redskins 0.667', 'Washington Capitals 0.575']",0,1989
Cleveland,0.563,3,0,"['Cleveland Cavaliers 0.695', 'Cleveland Browns 0.542 Conf./League Finalist', 'Cleveland Indians 0.451']",1,1989
Chicago,0.626,5,0,"['Chicago Bulls 0.671 Conf./League Finalist', 'Chicago Bears 0.75', 'Chicago White Sox 0.58', 'Chicago Cubs 0.58', 'Chicago Blackhawks 0.55 Conf./League Finalist']",2,1990
Philadelphia,0.579,4,0,"['Philadelphia 76ers 0.646', 'Philadelphia Eagles 0.75', 'Philadelphia Phillies 0.475', 'Philadelphia Flyers 0.444']",0,1990
Pittsburgh,0.512,3,0,"['Pittsburgh Steelers 0.5', 'Pittsburgh Pirates 0.586 Conf./League Finalist', 'Pittsburgh Penguins 0.45']",1,1990
Atlanta,0.384,3,0,"['Atlanta Hawks 0.5', 'Atlanta Falcons 0.25', 'Atlanta Braves 0.401']",0,1990
Boston,0.473,4,0,"['Boston Celtics 0.634', 'New England Patriots 0.083', 'Boston Red Sox 0.543 Conf./League Finalist', 'Boston Bruins 0.631 Conf./League Finalist']",2,1990
Washington,0.483,3,0,"['Washington Bullets 0.378', 'Washington Redskins 0.583', 'Washington Capitals 0.488 Conf./League Finalist']",1,1990
Cleveland,0.385,3,0,"['Cleveland Cavaliers 0.512', 'Cleveland Browns 0.167', 'Cleveland Indians 0.475']",0,1990
Chicago,0.646,5,1,"['Chicago Bulls 0.744 Champion', 'Chicago Bears 0.75', 'Chicago White Sox 0.537', 'Chicago Cubs 0.537', 'Chicago Blackhawks 0.663']",1,1991
Philadelphia,0.498,4,0,"['Philadelphia 76ers 0.537', 'Philadelphia Eagles 0.5', 'Philadelphia Phillies 0.481', 'Philadelphia Flyers 0.475']",0,1991
Pittsburgh,0.579,3,1,"['Pittsburgh Steelers 0.583', 'Pittsburgh Pirates 0.605 Conf./League Finalist', 'Pittsburgh Penguins 0.55 Champion']",2,1991
Atlanta,0.562,3,0,"['Atlanta Hawks 0.524', 'Atlanta Falcons 0.583', 'Atlanta Braves 0.58 Conf./League Finalist']",1,1991
Boston,0.546,4,0,"['Boston Celtics 0.683', 'New England Patriots 0.357', 'Boston Red Sox 0.519', 'Boston Bruins 0.625 Conf./League Finalist']",1,1991
Washington,0.568,3,1,"['Washington Bullets 0.366', 'Washington Redskins 0.833 Champion', 'Washington Capitals 0.506']",1,1991
Cleveland,0.418,3,0,"['Cleveland Cavaliers 0.402', 'Cleveland Browns 0.5', 'Cleveland Indians 0.352']",0,1991
Chicago,0.551,5,1,"['Chicago Bulls 0.817 Champion', 'Chicago Bears 0.333', 'Chicago White Sox 0.531', 'Chicago Cubs 0.531', 'Chicago Blackhawks 0.544 Conf./League Finalist']",2,1992
Philadelphia,0.499,4,0,"['Philadelphia 76ers 0.427', 'Philadelphia Eagles 0.667', 'Philadelphia Phillies 0.432', 'Philadelphia Flyers 0.469']",0,1992
Pittsburgh,0.657,3,1,"['Pittsburgh Steelers 0.833', 'Pittsburgh Pirates 0.593 Conf./League Finalist', 'Pittsburgh Penguins 0.544 Champion']",2,1992
Atlanta,0.467,3,0,"['Atlanta Hawks 0.463', 'Atlanta Falcons 0.333', 'Atlanta Braves 0.605 Conf./League Finalist']",1,1992
Boston,0.441,4,0,"['Boston Celtics 0.622', 'New England Patriots 0.167', 'Boston Red Sox 0.451', 'Boston Bruins 0.525 Conf./League Finalist']",1,1992
Washington,0.5,3,0,"['Washington Bullets 0.305', 'Washington Redskins 0.583', 'Washington Capitals 0.613']",0,1992
Cleveland,0.527,3,0,"['Cleveland Cavaliers 0.695 Conf./League Finalist', 'Cleveland Browns 0.417', 'Cleveland Indians 0.469']",1,1992
Chicago,0.581,5,1,"['Chicago Bulls 0.695 Champion', 'Chicago Bears 0.417', 'Chicago White Sox 0.58 Conf./League Finalist', 'Chicago Cubs 0.58', 'Chicago Blackhawks 0.631']",2,1993
Philadelphia,0.477,4,0,"['Philadelphia 76ers 0.317', 'Philadelphia Eagles 0.5', 'Philadelphia Phillies 0.599 Conf./League Finalist', 'Philadelphia Flyers 0.494']",1,1993
Pittsburgh,0.585,3,0,"['Pittsburgh Steelers 0.583', 'Pittsburgh Pirates 0.463', 'Pittsburgh Penguins 0.708']",0,1993
Atlanta,0.528,3,0,"['Atlanta Hawks 0.524', 'Atlanta Falcons 0.417', 'Atlanta Braves 0.642 Conf./League Finalist']",1,1993
Boston,0.504,4,0,"['Boston Celtics 0.585', 'New England Patriots 0.286', 'Boston Red Sox 0.494', 'Boston Bruins 0.649']",0,1993
Washington,0.357,3,0,"['Washington Bullets 0.268', 'Washington Redskins 0.25', 'Washington Capitals 0.554']",0,1993
Cleveland,0.487,3,0,"['Cleveland Cavaliers 0.659', 'Cleveland Browns 0.333', 'Cleveland Indians 0.469']",0,1993
Chicago,0.567,5,0,"['Chicago Bulls 0.671', 'Chicago Bears 0.5', 'Chicago White Sox 0.573', 'Chicago Cubs 0.573', 'Chicago Blackhawks 0.518']",0,1994
Philadelphia,0.436,4,0,"['Philadelphia 76ers 0.305', 'Philadelphia Eagles 0.5', 'Philadelphia Phillies 0.462', 'Philadelphia Flyers 0.476']",0,1994
Pittsburgh,0.629,3,0,"['Pittsburgh Steelers 0.833 Conf./League Finalist', 'Pittsburgh Pirates 0.453', 'Pittsburgh Penguins 0.601']",1,1994
Atlanta,0.592,3,0,"['Atlanta Hawks 0.695', 'Atlanta Falcons 0.5', 'Atlanta Braves 0.581']",0,1994
Boston,0.482,4,0,"['Boston Celtics 0.39', 'New England Patriots 0.5', 'Boston Red Sox 0.462', 'Boston Bruins 0.577']",0,1994
Washington,0.32,3,0,"['Washington Bullets 0.293', 'Washington Redskins 0.143', 'Washington Capitals 0.524']",0,1994
Cleveland,0.601,3,0,"['Cleveland Cavaliers 0.573', 'Cleveland Browns 0.667', 'Cleveland Indians 0.564']",0,1994
Chicago,0.529,5,0,"['Chicago Bulls 0.573', 'Chicago Bears 0.583', 'Chicago White Sox 0.469', 'Chicago Cubs 0.469', 'Chicago Blackhawks 0.552 Conf./League Finalist']",1,1995
Philadelphia,0.536,4,0,"['Philadelphia 76ers 0.293', 'Philadelphia Eagles 0.75', 'Philadelphia Phillies 0.476', 'Philadelphia Flyers 0.625 Conf./League Finalist']",1,1995
Pittsburgh,0.595,3,0,"['Pittsburgh Steelers 0.75 Conf./League Finalist', 'Pittsburgh Pirates 0.4', 'Pittsburgh Penguins 0.635']",1,1995
Atlanta,0.572,3,1,"['Atlanta Hawks 0.512', 'Atlanta Falcons 0.583', 'Atlanta Braves 0.621 Champion']",1,1995
Boston,0.528,4,0,"['Boston Celtics 0.427', 'New England Patriots 0.5', 'Boston Red Sox 0.593', 'Boston Bruins 0.594']",0,1995
Washington,0.433,3,0,"['Washington Bullets 0.256', 'Washington Redskins 0.5', 'Washington Capitals 0.542']",0,1995
Cleveland,0.516,3,0,"['Cleveland Cavaliers 0.524', 'Cleveland Browns 0.333', 'Cleveland Indians 0.69 Conf./League Finalist']",1,1995
Chicago,0.584,5,1,"['Chicago Bulls 0.878 Champion', 'Chicago Bears 0.417', 'Chicago White Sox 0.525', 'Chicago Cubs 0.525', 'Chicago Blackhawks 0.573']",1,1996
Philadelphia,0.482,4,0,"['Philadelphia 76ers 0.22', 'Philadelphia Eagles 0.667', 'Philadelphia Phillies 0.414', 'Philadelphia Flyers 0.628']",0,1996
Pittsburgh,0.58,3,0,"['Pittsburgh Steelers 0.667', 'Pittsburgh Pirates 0.451', 'Pittsburgh Penguins 0.622 Conf./League Finalist']",1,1996
Atlanta,0.468,3,0,"['Atlanta Hawks 0.561', 'Atlanta Falcons 0.25', 'Atlanta Braves 0.593 Conf./League Finalist']",1,1996
Boston,0.558,4,0,"['Boston Celtics 0.402', 'New England Patriots 0.75 Conf./League Finalist', 'Boston Red Sox 0.525', 'Boston Bruins 0.555']",1,1996
Washington,0.506,3,0,"['Washington Bullets 0.476', 'Washington Redskins 0.5', 'Washington Capitals 0.543']",0,1996
Cleveland,0.592,2,0,"['Cleveland Cavaliers 0.573', 'Cleveland Indians 0.611']",0,1996
Chicago,0.498,5,1,"['Chicago Bulls 0.841 Champion', 'Chicago Bears 0.167', 'Chicago White Sox 0.494', 'Chicago Cubs 0.494', 'Chicago Blackhawks 0.494']",1,1997
Philadelphia,0.412,4,0,"['Philadelphia 76ers 0.268', 'Philadelphia Eagles 0.333', 'Philadelphia Phillies 0.42', 'Philadelphia Flyers 0.628 Conf./League Finalist']",1,1997
Pittsburgh,0.583,3,0,"['Pittsburgh Steelers 0.75 Conf./League Finalist', 'Pittsburgh Pirates 0.488', 'Pittsburgh Penguins 0.512']",1,1997
Atlanta,0.574,3,0,"['Atlanta Hawks 0.683', 'Atlanta Falcons 0.417', 'Atlanta Braves 0.623 Conf./League Finalist']",1,1997
Boston,0.447,4,0,"['Boston Celtics 0.183', 'New England Patriots 0.75', 'Boston Red Sox 0.481', 'Boston Bruins 0.372']",0,1997
Washington,0.54,3,0,"['Washington Bullets 0.537', 'Washington Redskins 0.625', 'Washington Capitals 0.457']",0,1997
Cleveland,0.522,2,0,"['Cleveland Cavaliers 0.512', 'Cleveland Indians 0.531 Conf./League Finalist']",1,1997
Chicago,0.47,5,1,"['Chicago Bulls 0.756 Champion', 'Chicago Bears 0.167', 'Chicago White Sox 0.491', 'Chicago Cubs 0.491', 'Chicago Blackhawks 0.445']",1,1998
Philadelphia,0.417,4,0,"['Philadelphia 76ers 0.378', 'Philadelphia Eagles 0.25', 'Philadelphia Phillies 0.46', 'Philadelphia Flyers 0.579']",0,1998
Pittsburgh,0.479,3,0,"['Pittsburgh Steelers 0.417', 'Pittsburgh Pirates 0.423', 'Pittsburgh Penguins 0.598']",0,1998
Atlanta,0.726,3,0,"['Atlanta Hawks 0.61', 'Atlanta Falcons 0.917 Conf./League Finalist', 'Atlanta Braves 0.65 Conf./League Finalist']",2,1998
Boston,0.535,4,0,"['Boston Celtics 0.439', 'New England Patriots 0.583', 'Boston Red Sox 0.564', 'Boston Bruins 0.555']",0,1998
Washington,0.469,3,0,"['Washington Wizards 0.512', 'Washington Redskins 0.333', 'Washington Capitals 0.561 Conf./League Finalist']",1,1998
Cleveland,0.559,2,0,"['Cleveland Cavaliers 0.573', 'Cleveland Indians 0.546 Conf./League Finalist']",1,1998
Chicago,0.388,5,0,"['Chicago Bulls 0.26', 'Chicago Bears 0.333', 'Chicago White Sox 0.46', 'Chicago Cubs 0.46', 'Chicago Blackhawks 0.427']",0,1999
Philadelphia,0.483,4,0,"['Philadelphia 76ers 0.56', 'Philadelphia Eagles 0.333', 'Philadelphia Phillies 0.472', 'Philadelphia Flyers 0.567']",0,1999
Pittsburgh,0.42,3,0,"['Pittsburgh Steelers 0.231', 'Pittsburgh Pirates 0.479', 'Pittsburgh Penguins 0.549']",0,1999
Atlanta,0.556,3,0,"['Atlanta Hawks 0.62', 'Atlanta Falcons 0.417', 'Atlanta Braves 0.632 Conf./League Finalist']",1,1999
Boston,0.482,4,0,"['Boston Celtics 0.38', 'New England Patriots 0.417', 'Boston Red Sox 0.577 Conf./League Finalist', 'Boston Bruins 0.555']",1,1999
Washington,0.481,3,0,"['Washington Wizards 0.36', 'Washington Redskins 0.667', 'Washington Capitals 0.415']",0,1999
Cleveland,0.371,3,0,"['Cleveland Cavaliers 0.44', 'Cleveland Browns 0.077', 'Cleveland Indians 0.595']",0,1999
Chicago,0.421,5,0,"['Chicago Bulls 0.207', 'Chicago Bears 0.25', 'Chicago White Sox 0.586', 'Chicago Cubs 0.586', 'Chicago Blackhawks 0.476']",0,2000
Philadelphia,0.577,4,0,"['Philadelphia 76ers 0.598', 'Philadelphia Eagles 0.667', 'Philadelphia Phillies 0.401', 'Philadelphia Flyers 0.64 Conf./League Finalist']",1,2000
Pittsburgh,0.526,3,0,"['Pittsburgh Steelers 0.615', 'Pittsburgh Pirates 0.426', 'Pittsburgh Penguins 0.537']",0,2000
Atlanta,0.354,4,0,"['Atlanta Hawks 0.341', 'Atlanta Falcons 0.25', 'Atlanta Braves 0.586', 'Atlanta Thrashers 0.238']",0,2000
Boston,0.454,4,0,"['Boston Celtics 0.427', 'New England Patriots 0.417', 'Boston Red Sox 0.525', 'Boston Bruins 0.445']",0,2000
Washington,0.492,3,0,"['Washington Wizards 0.354', 'Washington Redskins 0.5', 'Washington Capitals 0.622']",0,2000
Cleveland,0.392,3,0,"['Cleveland Cavaliers 0.39', 'Cleveland Browns 0.231', 'Cleveland Indians 0.556']",0,2000
Chicago,0.495,5,0,"['Chicago Bulls 0.183', 'Chicago Bears 0.833', 'Chicago White Sox 0.512', 'Chicago Cubs 0.512', 'Chicago Blackhawks 0.433']",0,2001
Philadelphia,0.623,4,0,"['Philadelphia 76ers 0.683 Conf./League Finalist', 'Philadelphia Eagles 0.667 Conf./League Finalist', 'Philadelphia Phillies 0.531', 'Philadelphia Flyers 0.61']",2,2001
Pittsburgh,0.579,3,0,"['Pittsburgh Steelers 0.769 Conf./League Finalist', 'Pittsburgh Pirates 0.383', 'Pittsburgh Penguins 0.585 Conf./League Finalist']",2,2001
Atlanta,0.428,4,0,"['Atlanta Hawks 0.305', 'Atlanta Falcons 0.5', 'Atlanta Braves 0.543 Conf./League Finalist', 'Atlanta Thrashers 0.366']",1,2001
Boston,0.537,4,1,"['Boston Celtics 0.439', 'New England Patriots 0.667 Champion', 'Boston Red Sox 0.506', 'Boston Bruins 0.537']",1,2001
Washington,0.439,3,0,"['Washington Wizards 0.232', 'Washington Redskins 0.5', 'Washington Capitals 0.585']",0,2001
Cleveland,0.463,3,0,"['Cleveland Cavaliers 0.366', 'Cleveland Browns 0.462', 'Cleveland Indians 0.562']",0,2001
Chicago,0.418,5,0,"['Chicago Bulls 0.256', 'Chicago Bears 0.25', 'Chicago White Sox 0.5', 'Chicago Cubs 0.5', 'Chicago Blackhawks 0.585']",0,2002
Philadelphia,0.631,4,0,"['Philadelphia 76ers 0.524', 'Philadelphia Eagles 0.917 Conf./League Finalist', 'Philadelphia Phillies 0.494', 'Philadelphia Flyers 0.591']",1,2002
Pittsburgh,0.511,3,0,"['Pittsburgh Steelers 0.667', 'Pittsburgh Pirates 0.444', 'Pittsburgh Penguins 0.421']",0,2002
Atlanta,0.484,4,0,"['Atlanta Hawks 0.402', 'Atlanta Falcons 0.583', 'Atlanta Braves 0.623', 'Atlanta Thrashers 0.329']",0,2002
Boston,0.572,4,0,"['Boston Celtics 0.598 Conf./League Finalist', 'New England Patriots 0.5', 'Boston Red Sox 0.574', 'Boston Bruins 0.616']",1,2002
Washington,0.434,3,0,"['Washington Wizards 0.451', 'Washington Redskins 0.333', 'Washington Capitals 0.518']",0,2002
Cleveland,0.465,3,0,"['Cleveland Cavaliers 0.354', 'Cleveland Browns 0.583', 'Cleveland Indians 0.457']",0,2002
Chicago,0.449,5,0,"['Chicago Bulls 0.366', 'Chicago Bears 0.333', 'Chicago White Sox 0.531', 'Chicago Cubs 0.531 Conf./League Finalist', 'Chicago Blackhawks 0.482']",1,2003
Philadelphia,0.63,4,0,"['Philadelphia 76ers 0.585', 'Philadelphia Eagles 0.75 Conf./League Finalist', 'Philadelphia Phillies 0.531', 'Philadelphia Flyers 0.652']",1,2003
Pittsburgh,0.425,3,0,"['Pittsburgh Steelers 0.417', 'Pittsburgh Pirates 0.463', 'Pittsburgh Penguins 0.396']",0,2003
Atlanta,0.459,4,0,"['Atlanta Hawks 0.427', 'Atlanta Falcons 0.333', 'Atlanta Braves 0.623', 'Atlanta Thrashers 0.451']",0,2003
Boston,0.643,4,1,"['Boston Celtics 0.537', 'New England Patriots 0.917 Champion', 'Boston Red Sox 0.586 Conf./League Finalist', 'Boston Bruins 0.53']",2,2003
Washington,0.421,3,0,"['Washington Wizards 0.451', 'Washington Redskins 0.25', 'Washington Capitals 0.561']",0,2003
Cleveland,0.292,3,0,"['Cleveland Cavaliers 0.207', 'Cleveland Browns 0.25', 'Cleveland Indians 0.42']",0,2003
Chicago,0.399,5,0,"['Chicago Bulls 0.28', 'Chicago Bears 0.333', 'Chicago White Sox 0.512', 'Chicago Cubs 0.512', 'Chicago Blackhawks 0.36']",0,2004
Philadelphia,0.617,4,0,"['Philadelphia 76ers 0.402', 'Philadelphia Eagles 0.917 Conf./League Finalist', 'Philadelphia Phillies 0.531', 'Philadelphia Flyers 0.616 Conf./League Finalist']",2,2004
Pittsburgh,0.572,3,0,"['Pittsburgh Steelers 0.917 Conf./League Finalist', 'Pittsburgh Pirates 0.444', 'Pittsburgh Penguins 0.354']",1,2004
Atlanta,0.519,4,0,"['Atlanta Hawks 0.341', 'Atlanta Falcons 0.667 Conf./League Finalist', 'Atlanta Braves 0.593', 'Atlanta Thrashers 0.476']",1,2004
Boston,0.628,4,2,"['Boston Celtics 0.439', 'New England Patriots 0.833 Champion', 'Boston Red Sox 0.605 Champion', 'Boston Bruins 0.634']",2,2004
Washington,0.388,3,0,"['Washington Wizards 0.305', 'Washington Redskins 0.5', 'Washington Capitals 0.36']",0,2004
Cleveland,0.39,3,0,"['Cleveland Cavaliers 0.427', 'Cleveland Browns 0.25', 'Cleveland Indians 0.494']",0,2004
Chicago,0.657,4,1,"['Chicago Bulls 0.573', 'Chicago Bears 0.833', 'Chicago White Sox 0.611 Champion', 'Chicago Cubs 0.611']",1,2005
Philadelphia,0.439,3,0,"['Philadelphia 76ers 0.524', 'Philadelphia Eagles 0.25', 'Philadelphia Phillies 0.543']",0,2005
Pittsburgh,0.498,2,1,"['Pittsburgh Steelers 0.583 Champion', 'Pittsburgh Pirates 0.414']",1,2005
Atlanta,0.377,3,0,"['Atlanta Hawks 0.159', 'Atlanta Falcons 0.417', 'Atlanta Braves 0.556']",0,2005
Boston,0.573,3,0,"['Boston Celtics 0.549', 'New England Patriots 0.583', 'Boston Red Sox 0.586']",0,2005
Washington,0.627,3,0,"['Washington Wizards 0.549', 'Washington Redskins 0.833', 'Washington Nationals 0.5']",0,2005
Cleveland,0.473,3,0,"['Cleveland Cavaliers 0.512', 'Cleveland Browns 0.333', 'Cleveland Indians 0.574']",0,2005
Chicago,0.585,5,0,"['Chicago Bulls 0.5', 'Chicago Bears 0.917 Conf./League Finalist', 'Chicago White Sox 0.556', 'Chicago Cubs 0.556', 'Chicago Blackhawks 0.396']",1,2006
Philadelphia,0.589,4,0,"['Philadelphia 76ers 0.463', 'Philadelphia Eagles 0.75', 'Philadelphia Phillies 0.525', 'Philadelphia Flyers 0.616']",0,2006
Pittsburgh,0.395,3,0,"['Pittsburgh Steelers 0.417', 'Pittsburgh Pirates 0.414', 'Pittsburgh Penguins 0.354']",0,2006
Atlanta,0.443,4,0,"['Atlanta Hawks 0.317', 'Atlanta Falcons 0.417', 'Atlanta Braves 0.488', 'Atlanta Thrashers 0.549']",0,2006
Boston,0.513,4,0,"['Boston Celtics 0.402', 'New England Patriots 0.667 Conf./League Finalist', 'Boston Red Sox 0.531', 'Boston Bruins 0.451']",1,2006
Washington,0.407,4,0,"['Washington Wizards 0.512', 'Washington Redskins 0.25', 'Washington Nationals 0.438', 'Washington Capitals 0.427']",0,2006
Cleveland,0.447,3,0,"['Cleveland Cavaliers 0.61', 'Cleveland Browns 0.25', 'Cleveland Indians 0.481']",0,2006
Chicago,0.45,5,0,"['Chicago Bulls 0.598', 'Chicago Bears 0.333', 'Chicago White Sox 0.442', 'Chicago Cubs 0.442', 'Chicago Blackhawks 0.433']",0,2007
Philadelphia,0.433,4,0,"['Philadelphia 76ers 0.427', 'Philadelphia Eagles 0.417', 'Philadelphia Phillies 0.546', 'Philadelphia Flyers 0.341']",0,2007
Pittsburgh,0.547,3,0,"['Pittsburgh Steelers 0.583', 'Pittsburgh Pirates 0.417', 'Pittsburgh Penguins 0.64']",0,2007
Atlanta,0.43,4,0,"['Atlanta Hawks 0.366', 'Atlanta Falcons 0.25', 'Atlanta Braves 0.515', 'Atlanta Thrashers 0.591']",0,2007
Boston,0.586,4,1,"['Boston Celtics 0.293', 'New England Patriots 1.0 Conf./League Finalist', 'Boston Red Sox 0.589 Champion', 'Boston Bruins 0.463']",2,2007
Washington,0.489,4,0,"['Washington Wizards 0.5', 'Washington Redskins 0.583', 'Washington Nationals 0.448', 'Washington Capitals 0.427']",0,2007
Cleveland,0.594,3,0,"['Cleveland Cavaliers 0.61 Conf./League Finalist', 'Cleveland Browns 0.583', 'Cleveland Indians 0.589 Conf./League Finalist']",2,2007
Chicago,0.523,5,0,"['Chicago Bulls 0.402', 'Chicago Bears 0.583', 'Chicago White Sox 0.546', 'Chicago Cubs 0.546', 'Chicago Blackhawks 0.537']",0,2008
Philadelphia,0.553,4,1,"['Philadelphia 76ers 0.488', 'Philadelphia Eagles 0.583 Conf./League Finalist', 'Philadelphia Phillies 0.564 Champion', 'Philadelphia Flyers 0.579 Conf./League Finalist']",3,2008
Pittsburgh,0.622,3,1,"['Pittsburgh Steelers 0.833 Champion', 'Pittsburgh Pirates 0.411', 'Pittsburgh Penguins 0.622 Conf./League Finalist']",2,2008
Atlanta,0.506,4,0,"['Atlanta Hawks 0.451', 'Atlanta Falcons 0.667', 'Atlanta Braves 0.442', 'Atlanta Thrashers 0.463']",0,2008
Boston,0.636,4,1,"['Boston Celtics 0.805 Champion', 'New England Patriots 0.583', 'Boston Red Sox 0.583 Conf./League Finalist', 'Boston Bruins 0.573']",2,2008
Washington,0.51,4,0,"['Washington Wizards 0.524', 'Washington Redskins 0.583', 'Washington Nationals 0.362', 'Washington Capitals 0.573']",0,2008
Cleveland,0.432,3,0,"['Cleveland Cavaliers 0.549', 'Cleveland Browns 0.25', 'Cleveland Indians 0.497']",0,2008
Chicago,0.504,5,0,"['Chicago Bulls 0.5', 'Chicago Bears 0.417', 'Chicago White Sox 0.485', 'Chicago Cubs 0.485', 'Chicago Blackhawks 0.634 Conf./League Finalist']",1,2009
Philadelphia,0.606,4,0,"['Philadelphia 76ers 0.5', 'Philadelphia Eagles 0.75', 'Philadelphia Phillies 0.571 Conf./League Finalist', 'Philadelphia Flyers 0.604']",1,2009
Pittsburgh,0.495,3,1,"['Pittsburgh Steelers 0.5', 'Pittsburgh Pirates 0.38', 'Pittsburgh Penguins 0.604 Champion']",1,2009
Atlanta,0.516,4,0,"['Atlanta Hawks 0.573', 'Atlanta Falcons 0.5', 'Atlanta Braves 0.528', 'Atlanta Thrashers 0.463']",0,2009
Boston,0.657,4,0,"['Boston Celtics 0.756', 'New England Patriots 0.583', 'Boston Red Sox 0.583', 'Boston Bruins 0.707']",0,2009
Washington,0.355,4,0,"['Washington Wizards 0.232', 'Washington Redskins 0.167', 'Washington Nationals 0.362', 'Washington Capitals 0.659']",0,2009
Cleveland,0.54,3,0,"['Cleveland Cavaliers 0.805 Conf./League Finalist', 'Cleveland Browns 0.417', 'Cleveland Indians 0.399']",1,2009
Chicago,0.587,5,1,"['Chicago Bulls 0.5', 'Chicago Bears 0.667 Conf./League Finalist', 'Chicago White Sox 0.543', 'Chicago Cubs 0.543', 'Chicago Blackhawks 0.683 Champion']",2,2010
Philadelphia,0.512,4,0,"['Philadelphia 76ers 0.329', 'Philadelphia Eagles 0.583', 'Philadelphia Phillies 0.599 Conf./League Finalist', 'Philadelphia Flyers 0.537 Conf./League Finalist']",2,2010
Pittsburgh,0.573,3,0,"['Pittsburgh Steelers 0.75 Conf./League Finalist', 'Pittsburgh Pirates 0.352', 'Pittsburgh Penguins 0.616']",1,2010
Atlanta,0.637,4,0,"['Atlanta Hawks 0.646', 'Atlanta Falcons 0.833', 'Atlanta Braves 0.562', 'Atlanta Thrashers 0.506']",0,2010
Boston,0.637,4,0,"['Boston Celtics 0.61 Conf./League Finalist', 'New England Patriots 0.833', 'Boston Red Sox 0.549', 'Boston Bruins 0.555']",1,2010
Washington,0.454,4,0,"['Washington Wizards 0.317', 'Washington Redskins 0.333', 'Washington Nationals 0.426', 'Washington Capitals 0.738']",0,2010
Cleveland,0.473,3,0,"['Cleveland Cavaliers 0.744', 'Cleveland Browns 0.25', 'Cleveland Indians 0.426']",0,2010
Chicago,0.581,5,0,"['Chicago Bulls 0.756 Conf./League Finalist', 'Chicago Bears 0.583', 'Chicago White Sox 0.488', 'Chicago Cubs 0.488', 'Chicago Blackhawks 0.591']",1,2011
Philadelphia,0.569,4,0,"['Philadelphia 76ers 0.5', 'Philadelphia Eagles 0.5', 'Philadelphia Phillies 0.63', 'Philadelphia Flyers 0.646']",0,2011
Pittsburgh,0.613,3,0,"['Pittsburgh Steelers 0.75', 'Pittsburgh Pirates 0.444', 'Pittsburgh Penguins 0.646']",0,2011
Atlanta,0.539,4,0,"['Atlanta Hawks 0.537', 'Atlanta Falcons 0.583', 'Atlanta Braves 0.549', 'Atlanta Thrashers 0.488']",0,2011
Boston,0.675,4,1,"['Boston Celtics 0.683', 'New England Patriots 0.833 Conf./League Finalist', 'Boston Red Sox 0.556', 'Boston Bruins 0.628 Champion']",2,2011
Washington,0.461,4,0,"['Washington Wizards 0.28', 'Washington Redskins 0.417', 'Washington Nationals 0.494', 'Washington Capitals 0.652']",0,2011
Cleveland,0.325,3,0,"['Cleveland Cavaliers 0.232', 'Cleveland Browns 0.25', 'Cleveland Indians 0.494']",0,2011
Chicago,0.601,5,0,"['Chicago Bulls 0.758', 'Chicago Bears 0.583', 'Chicago White Sox 0.525', 'Chicago Cubs 0.525', 'Chicago Blackhawks 0.616']",0,2012
Philadelphia,0.456,4,0,"['Philadelphia 76ers 0.53', 'Philadelphia Eagles 0.167', 'Philadelphia Phillies 0.5', 'Philadelphia Flyers 0.628']",0,2012
Pittsburgh,0.521,3,0,"['Pittsburgh Steelers 0.417', 'Pittsburgh Pirates 0.488', 'Pittsburgh Penguins 0.659']",0,2012
Atlanta,0.645,3,0,"['Atlanta Hawks 0.606', 'Atlanta Falcons 0.75 Conf./League Finalist', 'Atlanta Braves 0.58']",1,2012
Boston,0.639,4,0,"['Boston Celtics 0.591 Conf./League Finalist', 'New England Patriots 0.917 Conf./League Finalist', 'Boston Red Sox 0.426', 'Boston Bruins 0.622']",2,2012
Washington,0.534,4,0,"['Washington Wizards 0.303', 'Washington Redskins 0.667', 'Washington Nationals 0.605', 'Washington Capitals 0.561']",0,2012
Cleveland,0.385,3,0,"['Cleveland Cavaliers 0.318', 'Cleveland Browns 0.417', 'Cleveland Indians 0.42']",0,2012
Chicago,0.492,5,1,"['Chicago Bulls 0.549', 'Chicago Bears 0.333', 'Chicago White Sox 0.387', 'Chicago Cubs 0.387', 'Chicago Blackhawks 0.802 Champion']",1,2013
Philadelphia,0.531,4,0,"['Philadelphia 76ers 0.415', 'Philadelphia Eagles 0.75', 'Philadelphia Phillies 0.448', 'Philadelphia Flyers 0.51']",0,2013
Pittsburgh,0.609,3,0,"['Pittsburgh Steelers 0.5', 'Pittsburgh Pirates 0.577', 'Pittsburgh Penguins 0.75 Conf./League Finalist']",1,2013
Atlanta,0.459,3,0,"['Atlanta Hawks 0.537', 'Atlanta Falcons 0.25', 'Atlanta Braves 0.589']",0,2013
Boston,0.624,4,1,"['Boston Celtics 0.506', 'New England Patriots 0.75 Conf./League Finalist', 'Boston Red Sox 0.595 Champion', 'Boston Bruins 0.646 Conf./League Finalist']",3,2013
Washington,0.39,4,0,"['Washington Wizards 0.354', 'Washington Redskins 0.083', 'Washington Nationals 0.528', 'Washington Capitals 0.594']",0,2013
Cleveland,0.369,3,0,"['Cleveland Cavaliers 0.293', 'Cleveland Browns 0.25', 'Cleveland Indians 0.564']",0,2013
Chicago,0.494,5,0,"['Chicago Bulls 0.585', 'Chicago Bears 0.333', 'Chicago White Sox 0.451', 'Chicago Cubs 0.451', 'Chicago Blackhawks 0.652 Conf./League Finalist']",1,2014
Philadelphia,0.439,4,0,"['Philadelphia 76ers 0.232', 'Philadelphia Eagles 0.5', 'Philadelphia Phillies 0.451', 'Philadelphia Flyers 0.573']",0,2014
Pittsburgh,0.653,3,0,"['Pittsburgh Steelers 0.75', 'Pittsburgh Pirates 0.543', 'Pittsburgh Penguins 0.665']",0,2014
Atlanta,0.484,3,0,"['Atlanta Hawks 0.463', 'Atlanta Falcons 0.5', 'Atlanta Braves 0.488']",0,2014
Boston,0.551,4,1,"['Boston Celtics 0.305', 'New England Patriots 0.75 Champion', 'Boston Red Sox 0.438', 'Boston Bruins 0.713']",1,2014
Washington,0.462,4,0,"['Washington Wizards 0.537', 'Washington Redskins 0.167', 'Washington Nationals 0.593', 'Washington Capitals 0.549']",0,2014
Cleveland,0.42,3,0,"['Cleveland Cavaliers 0.402', 'Cleveland Browns 0.333', 'Cleveland Indians 0.525']",0,2014
Chicago,0.484,5,1,"['Chicago Bulls 0.61', 'Chicago Bears 0.25', 'Chicago White Sox 0.469', 'Chicago Cubs 0.469 Conf./League Finalist', 'Chicago Blackhawks 0.622 Champion']",2,2015
Philadelphia,0.364,4,0,"['Philadelphia 76ers 0.22', 'Philadelphia Eagles 0.333', 'Philadelphia Phillies 0.389', 'Philadelphia Flyers 0.512']",0,2015
Pittsburgh,0.595,3,0,"['Pittsburgh Steelers 0.583', 'Pittsburgh Pirates 0.605', 'Pittsburgh Penguins 0.598']",0,2015
Atlanta,0.521,3,0,"['Atlanta Hawks 0.732 Conf./League Finalist', 'Atlanta Falcons 0.417', 'Atlanta Braves 0.414']",1,2015
Boston,0.576,4,0,"['Boston Celtics 0.488', 'New England Patriots 0.75 Conf./League Finalist', 'Boston Red Sox 0.481', 'Boston Bruins 0.585']",1,2015
Washington,0.589,4,0,"['Washington Wizards 0.561', 'Washington Redskins 0.667', 'Washington Nationals 0.512', 'Washington Capitals 0.616']",0,2015
Cleveland,0.438,3,0,"['Cleveland Cavaliers 0.646 Conf./League Finalist', 'Cleveland Browns 0.167', 'Cleveland Indians 0.5']",1,2015
